SMILES,MolecularWeight,LogP,NumHDonors,NumHAcceptors,TPSA,NumRotatableBonds,NumHeteroatoms,NumAliphaticRings,NumAromaticRings,QED,LipinskiPass,LipinskiViolations
CC(=O)Oc1ccccc1C(=O)O,180.15899999999996,1.3101,1,3,63.60000000000001,2,4,0,1,0.5501217966938848,True,[]
CC(C)Cc1ccc(cc1)C(C)C(=O)O,206.28499999999997,3.073200000000001,1,1,37.3,4,2,0,1,0.8215995486924975,True,[]
CN1C=NC2=C1C(=O)N(C(=O)N2C)C,194.194,-1.0293,0,6,61.82,0,6,0,2,0.5384628262372215,True,[]
CC1(C)SC2C(NC(=O)Cc3ccccc3)C(=O)N2C1C(=O)O,334.39700000000005,0.8607999999999998,2,4,86.71000000000001,4,7,2,1,0.7977632704521287,True,[]
